NodeCount,SimCnt,CompileTime,KeyGenerationTime,EncryptionTime,ExecutionTime,DecryptionTime,ReferenceExecutionTime,Mse
4,0,45.72175400244305,55.48403499960841,669.3903189989214,56.94423999921128,713.0378700003348,33.16490600082034,2.5446955352409234e-12
4,1,44.632072998865624,49.462085000413936,649.4877059976716,52.60466400068253,746.0447049979848,36.54650500175194,2.3973046122407727e-12
4,2,45.41282199897978,45.25198499686667,660.0858420006261,51.73070500131871,759.6508349979558,34.17087799607543,2.277369696266946e-12
4,3,45.82936999759113,45.155179999710526,642.1867640001437,50.471943999582436,780.3966379979101,39.7817289995146,2.429265453724857e-12
4,4,33.02101100234722,38.799665999249555,491.3528969991603,38.59950199876039,519.2778669988911,29.14787700319721,2.458032752565368e-12
4,5,31.933314001435065,37.15902100339008,496.51939399882394,38.85300800175173,534.9711729995761,26.563550998616847,2.5635241350307988e-12
4,6,31.333018001532764,36.45190200222714,469.7076049997122,39.324608998867916,505.0261350006622,25.21031800279161,2.6139624130879357e-12
4,7,32.63911299836764,35.916720999011886,467.5664379992668,37.39298999789753,516.2091979982506,26.384851002148935,2.6804756682230205e-12
4,8,33.32242600117752,41.07865799778665,499.5791899982578,41.08734800320235,554.8257649988955,31.85444200244092,2.5356258308280543e-12
4,9,34.06680899934145,34.919005001938785,497.1652640015236,39.85896800077171,553.054151001561,26.880135999817867,2.5317914472506605e-12
4,10,35.14357599851792,38.931295999645954,497.18109400055255,40.43749300035415,517.5532230023236,26.95773300001747,2.47097314200431e-12
4,11,32.556336000197916,31.453988998691784,454.5411070012051,39.543316001072526,504.628684000636,26.571786000204156,2.6227829166395195e-12
4,12,31.278924998332513,31.183982999209547,457.74419299959845,38.10492899901874,504.7267219997593,28.27586000057636,2.5306914339123687e-12
4,13,31.368747000669828,31.166710999968927,454.8914560000412,37.30329999780224,498.2037079971633,27.491243999975268,2.5782918381995793e-12
4,14,31.82006899987755,33.2457999993494,462.90790300372464,37.82066600069811,512.769158996889,30.388815999685903,2.464724281064217e-12
4,15,31.434593000085442,32.02031000000716,474.3578850011545,38.65059999770892,528.9101690013922,27.882860002137022,2.3982216404029867e-12
4,16,35.567687004004256,34.217985999930534,523.1038919991988,37.88032099873817,599.5581069964828,30.718394998984877,2.609356033957953e-12
4,17,31.94427700145752,31.12838900051429,460.12125199922593,37.22568899866019,509.67183699867746,27.612534999207128,2.570148091507345e-12
4,18,31.188572000246495,31.83831500246015,473.2741650004755,37.833540998690296,508.9570399995864,28.59601000091061,2.5125773880509595e-12
4,19,31.154386999332928,32.105633999890415,456.1620540007425,37.01864400136401,511.6822640011378,28.53700800187653,2.54578674391149e-12
4,20,35.26838399920962,36.050427001100616,496.2597060002736,42.176193001068896,572.3587119991862,36.17753999969864,2.418304770070366e-12
4,21,32.334731999071664,33.29454400045506,461.85919900017325,38.65622100420296,515.5912779991922,27.334571999745094,2.4545947004379762e-12
4,22,32.123587998285075,31.29265999996278,457.8238850008347,37.61637700154097,514.1981779997877,26.884535000135656,2.6955834594431214e-12
4,23,32.967129000098794,31.62980499837431,460.00399900003686,37.95979299866303,509.0405089995329,30.153195000821142,2.4937059978395925e-12
4,24,31.875312995907734,31.209983997541713,458.5523959976854,37.70032800093759,506.41615000131424,27.783241002907744,2.4621957977542185e-12
4,25,33.02827699917543,31.841719996009488,465.71260699965933,37.66300599818351,508.0593670008966,27.51710100164928,2.6025174354860493e-12
4,26,31.761366999489837,31.265549001545878,459.44503099781286,37.05904999696941,503.44154899903515,27.82523999849218,2.5448474566861487e-12
4,27,31.239750000167987,31.748932999107637,458.25565899940557,37.0009910002409,499.7439700018731,26.95177299938223,2.5566027765736083e-12
4,28,31.47528099725605,31.51623900157574,466.61158699862426,38.67977700065239,529.2460999971809,28.599037999811117,2.4436180184652155e-12
4,29,31.8681890003063,32.340032999854884,457.89939899805177,38.159724999786704,505.08345300113433,27.614526999968803,2.5463373238170274e-12
4,30,32.37601099863241,31.822043001739075,461.20888800032844,37.165735999224125,504.3295549985487,27.35090300120646,2.497758545823903e-12
4,31,30.9391360005975,32.34453100048995,456.78463999865926,37.49749000053271,509.876455000267,26.66270999907283,2.6501466400474037e-12
4,32,30.532007998772315,31.02427000339958,456.1740749995806,37.30354899926169,514.0749010006402,28.07199199924071,2.5884710481070977e-12
4,33,32.84282099957636,31.219241000144393,455.7758050013945,36.876031999781844,503.73902799947246,29.02953999910096,2.5418882116732854e-12
4,34,32.03095000026224,31.27280199987581,456.5945489976002,37.825023999175755,513.7104159985029,27.997279999908642,2.4154652060303055e-12
4,35,31.456484999580425,32.13486900313001,464.432939001199,36.70068799874571,504.13480199858896,27.05311700265156,2.467948602339659e-12
4,36,33.2138700014184,32.18354299860948,480.4134170008183,37.32781300095667,500.6332579996524,26.953344997309614,2.43714043823225e-12
4,37,31.263967000995763,32.5332789998356,457.18718100215483,37.62936000021,503.129271999569,27.203151999856345,2.3761376531195896e-12
4,38,31.36558900041564,31.28098900015175,454.53698000164877,36.76504000031855,512.9467999995541,29.037645001153578,2.594282410416584e-12
4,39,31.42766899873095,31.824065999899176,472.08846300054574,38.00080199835065,501.1244350025663,27.777229999628616,2.5003768863004986e-12
4,40,30.4352729999664,31.304824000471854,454.36736600095173,37.73704800187261,505.38700300057826,27.31623799991212,2.3202952202992014e-12
4,41,31.11565399922256,33.16722199997457,464.48686700205144,41.02479499852052,513.1813659991167,29.551306002758793,2.4849545717264154e-12
4,42,31.80405800048902,32.20113500356092,488.6397760001273,42.75983900151914,561.9482540005265,29.916563000369933,2.6331013416378136e-12
4,43,30.657207998956437,31.834195999181247,457.9778779989283,37.079822997839074,505.7929600006901,27.21890399698168,2.5880131547254286e-12
4,44,32.366851995902834,31.811541000934085,464.5268530002795,38.228285000514006,502.93525499910174,27.678741000272566,2.465678118737914e-12
4,45,31.667765997553943,31.248959001459298,455.75180999730946,37.55075199842395,506.21947099716635,30.024271000002045,2.6121492842371036e-12
4,46,31.807895002202713,31.432589998075855,464.883134000047,40.826034999554395,509.516698999505,26.96240399927774,2.7446999139974657e-12
4,47,32.013156998800696,31.690319996414473,461.15591499983566,37.66167200046766,503.89779999932216,27.363438997781486,2.6326889255034096e-12
4,48,31.90572299899941,32.130830999449245,457.7286429994274,36.91139899819973,502.09595099840953,26.81135400052881,2.5563628806816616e-12
4,49,31.156380000538775,31.10166599981312,454.36976900055015,36.87164400253096,501.88731199887116,28.822416001275997,2.49025593513942e-12
4,50,31.451937002202612,31.504102998951566,452.52426299884974,36.935697000444634,499.47625799904927,26.88059599859116,2.448980220758736e-12
4,51,31.07975500279281,31.82913500313589,456.22064099734416,39.28220800298732,501.27429999884043,26.911113998721703,2.5946944518604607e-12
4,52,33.84264000123949,33.27784000066458,475.5754919970059,38.05679699871689,502.60626500130456,27.105534998554504,2.5998836458157143e-12
4,53,31.338418999439455,32.248004999928526,454.0634149998368,36.708702999021625,498.9228930007812,27.11892200022703,2.6009797203676996e-12
4,54,32.33862900196982,34.32708400032425,457.5456149996171,36.703472998851794,504.12196799879894,27.07017900138453,2.5425160042480043e-12
4,55,30.9483149976586,31.044187000588863,454.1594679994887,37.15035599816474,502.7434779985924,27.732181999454042,2.5503943105410146e-12
4,56,30.99359100087895,31.966769000064232,474.34046100170235,37.846094000997255,503.3728379967215,26.98550800232624,2.387832586369016e-12
4,57,31.032635999508784,33.32394900280633,454.9274350010819,37.17938999943726,504.45736899928306,26.969967999320943,2.437785370192546e-12
4,58,31.226144999891403,32.059024000773206,455.14466799977527,36.98141400127497,500.88603899712325,27.166064000994083,2.6218129530266157e-12
4,59,30.979383000158123,31.74929300075746,458.89997000085714,37.2372030014958,499.97901799906685,27.133509998748195,2.4180587166432927e-12
4,60,31.505336997724953,31.537287999526598,456.7679379997571,36.955222001779475,499.814893999428,26.559994999843184,2.7087055958357094e-12
4,61,31.159296000623726,32.01213399916014,453.2533470010094,37.38102500028617,503.958656998293,26.61162299955322,2.517107493973127e-12
4,62,31.086888002391788,31.6134240001702,458.4933229998569,37.13106899886043,517.1229410025262,27.04799600178376,2.4931108660969955e-12
4,63,31.446185001186677,31.71413699965342,456.2394189979386,36.99875699930999,502.5723200014909,27.129131001856877,2.5104349840832346e-12
4,64,31.826161000935826,31.5683889984939,458.8732890024403,37.16208900186757,501.20730200251273,27.042275001804228,2.449595239715512e-12
4,65,31.341075999080203,31.316696002249955,456.45422900088306,37.414660002468736,509.87538499975926,27.012307999029872,2.5351534791755174e-12
4,66,31.909799999993993,30.870014998072293,455.9371109971835,36.90416700010246,504.66943200081005,27.450046000012662,2.5607299719214197e-12
4,67,30.915820998416166,30.746477999855415,456.8687310020323,37.3239079999621,508.24974000170187,27.449302997410996,2.5206273383755327e-12
4,68,31.787936999535304,31.097077997401357,454.29123800022353,37.18973199829634,505.05121299829625,27.789072999439668,2.4179451121879746e-12
4,69,31.99806799966609,33.69249400020635,475.02743499899225,37.87657400062017,521.8193300006533,28.165449997686665,2.6657092205836443e-12
4,70,32.171158001801814,31.079615002454375,461.72351200038975,37.496404998819344,505.6828079978004,26.747283000077005,2.4776987639808317e-12
4,71,31.589107999025146,31.34964899982151,458.1009339999582,36.686980000013136,504.52005800070765,27.193612999326433,2.459241632738954e-12
4,72,32.996363001075224,31.25058199839259,455.5144050009403,37.22378600105003,505.76620800165983,27.2017989991582,2.5487119700700547e-12
4,73,30.850466999254422,31.713897002191516,456.37534799789137,37.166395000895136,501.3413099986792,26.84372699877713,2.6371374676160292e-12
4,74,31.261592999726417,33.160086000862066,458.28016599989496,36.98530099791242,517.1748920001846,28.457247999540414,2.6195943116740232e-12
4,75,31.351154999356368,31.40932299902488,454.65838000018266,36.9640500011883,508.8156319980044,31.292893001591437,2.518956540468382e-12
4,76,31.434460997843416,31.631897998522618,460.9697840005538,37.35222300019814,500.8477369992761,26.942385000438662,2.462033389473171e-12
4,77,31.218278998494498,31.63057699930505,460.37506599896005,37.34619000169914,513.4547210000164,27.032746000259067,2.4181615903528235e-12
4,78,31.39947499948903,31.23385900107678,455.42832999854,36.80336300021736,500.8291910016851,27.271101000224007,2.3056282174884043e-12
4,79,31.458458999622962,32.27609000168741,456.2558010002249,36.91805199923692,498.5376250024274,26.893772999756038,2.7578923735600408e-12
4,80,31.452276998606976,31.134799999563256,458.4678230003192,37.477612000657246,504.8486360010429,26.8058830024529,2.430451730038181e-12
4,81,31.693536000602762,32.16573700046865,464.19846799835796,37.09797600095044,500.9201030006807,31.196697002087603,2.4787620248333887e-12
4,82,31.775985000422224,32.58815600020171,458.90880600018136,36.82640800252557,501.7332579991489,27.213763001782354,2.568926346039031e-12
4,83,31.576956000208156,31.972077000318677,456.26449799965485,36.9129629998497,511.9509359992662,28.349321000860073,2.494945638136881e-12
4,84,31.75489400018705,31.724947000839165,458.6577969985228,38.537646001714165,506.7331139998714,27.649965999444248,2.323247914763308e-12
4,85,31.285618999390863,32.51451600044675,460.7153479992121,37.285533999238396,500.35277199822303,27.845118998811813,2.510511768231871e-12
4,86,31.32259999983944,32.03884599679441,461.8438420002349,37.48663800070062,502.81036399974255,26.80820999921707,2.5323339047153372e-12
4,87,32.81551100008073,31.111897002119804,455.52700699954585,36.99987899926782,506.81779400292726,27.314413999192766,2.5887313384059308e-12
4,88,31.48051099924487,31.673258999944665,464.9671530005435,37.62533300141513,503.73077300173463,27.696666000338155,2.5130059112372317e-12
4,89,31.88559299996996,31.851115003519226,457.17911400242883,37.09224600061134,504.0422670008411,26.970679999067215,2.6147173892499435e-12
4,90,32.57807700174453,31.21632500187843,459.6268580007745,37.19174499929068,510.4039219968399,29.81277499748103,2.4791147683603927e-12
4,91,31.3933530014765,33.07907300222723,474.83124999962456,37.557101999482256,527.7541330015083,30.70499000023119,2.5170545094883233e-12
4,92,34.27630900114309,34.862477998103714,458.3366629994998,37.81732899915369,503.7915389984846,27.46638599819562,2.4383677358483014e-12
4,93,31.78384999955597,31.171247997917817,455.4611149978882,37.164915000175824,514.2260630018427,28.11099800055672,2.4556395672697645e-12
4,94,31.474941000851686,32.152282998140436,455.9384170024714,36.825395000050776,512.415504999808,28.488856998592382,2.64359288572853e-12
4,95,31.140129998675548,31.926400999509497,460.9039279985154,37.86138400209893,507.54208999933326,27.113151001685765,2.516742340136115e-12
4,96,31.91003199935949,32.0051919989055,458.4094730016659,37.840583001525374,506.2162879985408,27.639324000119814,2.593255299695084e-12
4,97,31.30480400432134,31.55146500103001,453.3581480009161,37.47308200036059,498.86649300060526,26.898561000052723,2.4549839426880622e-12
4,98,31.40249100033543,35.724084000321454,469.2759110021143,38.47169000255235,522.0046039994486,27.555966002182686,2.403836415370551e-12
4,99,31.53196899802424,31.28686199852382,454.9062739988585,36.77094200065767,501.8994740003109,27.182964999155956,2.5089249022751156e-12
8,0,628.9225450036611,63.98865300434409,3650.0168519978615,342.88552799807803,4069.045638998432,219.96100199976354,2.485742669544913e-12
8,1,621.990701996765,61.048578998452285,3665.93284100054,328.35627400163503,4054.5418370038533,224.77073799927894,2.465940526323413e-12
8,2,625.3179360028298,59.80897200061008,3674.551739002709,329.75074900059553,4069.728805001432,230.55697300333122,2.387126418975439e-12
8,3,620.1482920005219,60.46283900104754,3689.0029049991426,328.9877599981992,4047.339706998173,230.56247399836138,2.496207968505948e-12
8,4,625.1167490008811,61.44997500086902,3692.4355779974576,330.19613799478975,4087.477625997053,234.0105079983914,2.491478753349104e-12
8,5,633.4283490014059,61.65050900017377,3675.8216739981435,326.7213819963217,4047.208245003276,226.817064003626,2.3754477688875944e-12
8,6,630.0234570026078,61.30019900047046,3698.691174000487,330.61133999945014,4055.87060200196,231.2657839993335,2.619776533975186e-12
8,7,636.4925209963985,72.71924100314209,3692.498627000532,333.8509490022261,4052.248164996854,231.11874899768736,2.4894717697416117e-12
8,8,661.597582999093,63.147642997137154,3854.192028002217,334.7061440035759,4176.097651999953,240.33040500034986,2.4605438138413955e-12
8,9,640.2494849971845,61.45453400131373,3760.95517199974,333.90273499753675,4108.337547000701,236.333230001037,2.543921770596809e-12
8,10,641.1229629939044,65.38144199839735,3857.65443100172,344.6677620013361,4257.284046996574,258.2845479992102,2.397626820867311e-12
8,11,624.7513000016625,61.400510003295494,3724.0023530011968,334.3658189969574,4070.560383996053,232.14472699692124,2.4688123497809353e-12
8,12,624.5878099980473,60.49978099872533,3691.438522997487,329.85103000282834,4111.048540000411,253.81681700127956,2.4804651809085514e-12
8,13,631.5228200001002,62.53560700315575,3685.7214770025166,331.114622998939,4131.626235997828,234.11293500066677,2.423193010045171e-12
8,14,630.4325489982148,61.47958300061873,3754.7844109976722,331.72963699871616,4100.156835997041,238.05003000052238,2.517886988900446e-12
8,15,635.1442100003624,60.45971300227393,3736.4156050007296,353.90408799867146,4276.602947000356,237.68714999641816,2.357463748750548e-12
8,16,714.0515530008997,62.72649199854641,4000.7327199982683,357.20965799919213,4331.590341002084,242.12624699976004,2.4869449776291786e-12
8,17,642.8028119971714,61.21936399722472,3735.9177529961016,345.64179300105025,4083.8571620042785,245.7788689989684,2.4413614496502965e-12
8,18,659.3888689985761,63.79653600015445,3807.1691960012686,338.52560999912384,4224.459573000786,246.9809920003172,2.5340879253435717e-12
8,19,634.4743140016362,61.82513999920047,3733.3217680024973,331.6562780019012,4104.249268002604,238.79147799743805,2.507797492881955e-12
8,20,711.5415819989721,72.99482200141938,3998.6503849977453,348.32304300107353,4391.752792998886,251.33289500081446,2.552860971730063e-12
8,21,657.3793340030534,64.51285200091661,3844.782001000567,337.3747959994944,4281.486312000197,244.21693500153197,2.4152175401973314e-12
8,22,683.7013550011761,63.52900500132819,3749.1409229987767,334.53318899773876,4148.623619996215,238.46834999676503,2.5330127014386536e-12
8,23,663.16913999799,62.099632999888854,3695.797529995616,342.8366249991086,4063.697347000925,240.14861999421555,2.328484685889456e-12
8,24,677.8394909997587,63.78371100254299,3746.807378003723,333.3477679971111,4148.3909630023845,237.10966299950087,2.3489971683136424e-12
8,25,651.5430490017025,60.87774399929913,3715.9940499986988,326.5389550015243,4096.216508996804,237.9701700028818,2.5024721783125465e-12
8,26,652.2665419997793,60.95648199698189,3789.702300002318,360.4414199999155,4130.106700999022,246.61774000014702,2.435046547660937e-12
8,27,658.5828989973379,64.63365399940812,3901.90568899925,335.23726199928205,4246.462118997442,246.17517499973474,2.437572617853083e-12
8,28,687.8256230011175,64.57036199935828,3876.089723000405,339.4491770031891,4424.665323998852,256.898960995386,2.463627850279854e-12
8,29,667.6008720005484,63.354169002195704,3881.8680939966725,337.3725009987538,4308.05312999837,252.5511269996059,2.467856484077981e-12
8,30,683.4572060015489,62.9212349995214,3830.192214998533,346.11701799803996,4286.900922998029,247.71637999947416,2.5360090563414744e-12
8,31,683.5459579979215,64.12262599769747,3900.653908001914,340.8726200032106,4280.4187499987165,247.84142700264056,2.514889275781509e-12
8,32,648.565053998027,61.069068002325366,3745.6732530044974,332.55406099669926,4189.410948996738,238.02231800254958,2.4428212374830866e-12
8,33,644.1035540010489,60.71914700260095,3677.7749550019507,329.1109059991868,4070.732185002271,246.2922590020753,2.475057334428624e-12
8,34,645.9658780040627,60.98057600138418,3686.777435001204,338.01848499388143,4119.902038002692,245.29973300013808,2.4848217715988487e-12
8,35,671.6389279972645,62.595088998932624,3772.8526390001207,339.5510810005362,4137.301652999668,237.41669199625903,2.512263682732682e-12
8,36,659.8111850016721,65.73734200173931,3822.2732749964052,331.9732199997816,4289.1791250003735,244.06973100121832,2.4791705346090306e-12
8,37,645.9547799986467,64.8282370002562,3791.478143999484,338.90092999718036,4150.848309000139,240.92314499466738,2.479851071698747e-12
8,38,689.6391930040409,61.761509996358654,3729.2049350035086,337.7878729988879,4137.183148002805,243.5158969983604,2.446254594544809e-12
8,39,645.2562759986904,61.40813799902389,3912.234831002934,340.1245370005199,4348.118031002741,256.67223799973726,2.498043222815522e-12
8,40,651.9013430006453,65.06935500328836,3831.9425260015123,336.98713300145755,4169.14546800399,247.37165899932734,2.490290108930648e-12
8,41,637.6056970020727,63.53293299980578,3756.713534998198,330.0717000020086,4081.359652998799,234.27802799960773,2.5680452095785562e-12
8,42,632.0401480006694,61.24423199798912,3733.332498000891,338.57508700202743,4073.910782995881,249.6508240001276,2.4431212039365086e-12
8,43,652.2152439974889,62.98496900126338,3841.137074998187,331.85389200116333,4243.709338001281,245.46481299876177,2.3681407410602573e-12
8,44,635.7110200005991,61.69192800007295,3750.2454920031596,331.1713410021184,4309.768303002784,255.3220810023049,2.5968296310169604e-12
8,45,651.8195450007624,65.10145900392672,3796.831686004225,336.45045299999765,4118.069727999682,236.61400799755938,2.4137461172590973e-12
8,46,631.7381119970378,61.09931500031962,3780.7188870010577,329.2117879991565,4257.356667005297,244.724917001804,2.3757106073182326e-12
8,47,628.6719489980896,61.04054100251233,3684.8130949965707,327.9690240015043,4082.555229000718,239.3882640008087,2.4657242255438064e-12
8,48,636.734976002117,61.17033900227398,3734.0099139983067,343.3784779990674,4109.113480000815,255.2803849994234,2.5016784270376457e-12
8,49,646.5806900014286,64.31423299909511,3767.2690890012746,336.41835899834405,4102.055117999043,262.61767399773817,2.472958423255329e-12
8,50,631.528920999699,61.46590400021523,3720.2287670024816,332.62505599850556,4106.033385996852,234.59537599956093,2.4387584148572696e-12
8,51,637.0195469971804,61.18484700527915,3694.0100840038212,329.55176700306765,4090.8937680014787,233.63100400092662,2.383266233898422e-12
8,52,635.0369009996939,61.142016002122546,3702.9838309990737,329.9886389995663,4081.5686939986335,233.58506800104806,2.529176348302935e-12
8,53,635.2055260031193,62.03181599812524,3734.393786999135,330.87195599910046,4152.4305249968165,240.56397099957394,2.4912612472072665e-12
8,54,631.4043480015243,62.28498800192028,3715.6644240003516,330.6989800021256,4064.645118001863,232.36820299825922,2.4749101186385284e-12
8,55,635.0909839984524,61.883943000793806,3706.5374859994336,330.445696003153,4141.868220998731,236.75671099772444,2.464930506578479e-12
8,56,633.7889070000529,60.3917550015467,3777.952305001236,329.1949660015234,4139.016705001268,245.82619200009503,2.5435020760391644e-12
8,57,642.3975650013745,62.87030000021332,3813.68974399993,335.82195100098033,4125.358397001037,243.56163600168657,2.531979114942174e-12
8,58,654.9387100021704,68.6813859956601,3790.3465340023104,330.8449960022699,4131.072072997995,255.57661799757625,2.4445003437021046e-12
8,59,655.0617080010852,63.14704400210758,3741.4311619977525,338.8105869962601,4271.051387997431,240.6287159992644,2.4516432597744178e-12
8,60,627.4616210012027,60.75065900404297,3765.168209998592,330.5401259985956,4230.902884997704,249.22541799969622,2.4353177997829177e-12
8,61,649.4900169982429,61.25428399536759,3768.5087849968113,333.31169899975066,4264.869192998958,244.38656099846412,2.335909059410795e-12
8,62,647.7580060000037,68.13130299815384,3819.9189190017933,338.6425069984398,4340.047013000003,265.33833499888715,2.2684238531299076e-12
8,63,644.3924929990317,62.77589000455919,3800.598878000528,338.4794169996894,4257.999946998098,241.92541200318374,2.5743455329410123e-12
8,64,652.6356590038631,63.37256499682553,3940.260332001344,343.7842540024576,4302.931130996512,267.44121000410814,2.4675590741898343e-12
8,65,636.9955619993561,61.993552999410895,3769.359780000741,383.4806920003757,4245.72335299672,248.46845499814663,2.435942161303235e-12
8,66,654.1759860010643,65.27713000104995,3908.7532329976966,364.60150399943814,4402.190619995963,255.9236430006422,2.390219853662683e-12
8,67,675.6692680010019,68.3130390025326,3815.2080350027973,339.2830379998486,4286.015380001118,265.883397001744,2.4857596888519204e-12
8,68,659.6800240004086,71.46823400216817,3910.9081890019297,348.93551300046965,4317.388454999673,257.3383470007684,2.4838454163843484e-12
8,69,874.7611589988082,86.06183800111467,5626.308734999839,463.3559090016206,5950.059764998514,329.2461950004508,2.5006544623495905e-12
8,70,1242.2137330013356,114.99035699853266,7040.517156001442,604.5886730007624,7786.442963000809,414.6819069992489,2.4317676719505338e-12
8,71,1194.6922360002645,117.44287899819028,7188.495761998638,574.4329180015484,7555.162918002679,460.0736100019276,2.3544508279848396e-12
8,72,1186.807560001398,114.49486399942543,7128.949316997023,592.1810300005745,7834.478691998811,408.7964789978287,2.476829662931685e-12
8,73,1191.2516170013987,115.84897600187105,7140.109722000489,587.6527539985545,7777.65403200101,427.8194199978316,2.4470594482577383e-12
8,74,1176.7104520004068,108.28149900044082,6891.603882002528,584.9549430004117,7517.339165997328,409.89452700159745,2.4451924781283347e-12
8,75,1171.2823439975182,109.91196900249633,6946.885342998939,580.6287439991138,7565.930577000472,406.5786080009275,2.446365898157713e-12
8,76,1181.488325999453,110.69471499831707,6854.303751999396,595.9227859966632,7564.229359997626,402.99558299921046,2.4486073304976787e-12
8,77,1158.8589269977092,110.25338199578982,6898.903442996016,584.4341679985519,7593.150044998765,417.8779799985932,2.6029363180439124e-12
8,78,1175.3688569988299,110.28465299932577,6864.254324003923,585.9881159994984,7596.790390998649,429.8320639991289,2.452272556682402e-12
8,79,1178.6943180013623,110.15513500387897,7047.292531000494,579.5680770006584,7672.721286999149,412.67898199657793,2.3542722316285447e-12
8,80,1203.8470359966595,115.25850900034129,7316.9332619945635,595.3461669978424,8009.509942003206,422.4887580021459,2.3725863296944067e-12
8,81,1222.5325570034329,119.18444500224723,7103.909197003304,596.3104569982534,7943.364773995199,433.4238660012488,2.3937120939912933e-12
8,82,1212.7488779988198,114.9257730012323,7100.226479999037,605.9222389994829,7923.0291429976205,408.20980000171403,2.423989544818508e-12
8,83,1240.7817609982885,128.92581500091183,7170.983371997863,615.1564609990601,7785.382858999583,417.4628599976131,2.642973521804383e-12
8,84,1220.6650509997417,112.6874779965874,7040.316880998944,589.2734690005454,7687.088762002531,408.148242999232,2.3728424683013703e-12
8,85,1024.4172690036066,94.24134000255435,5974.8806599982345,467.9728850023821,6156.289246000597,333.52705799916293,2.408592032252271e-12
8,86,517.2454080002353,48.37815700011561,2988.5988789974363,258.96917399950325,3273.5376579985314,177.09087199727946,2.4272784443391637e-12
8,87,518.7674769986188,49.1325950006285,2988.1906349983183,256.7654650010809,3298.569739003142,180.1757830016868,2.5471722036699096e-12
8,88,537.9310340013035,50.134998999055824,3080.945133995556,268.5261749993515,3422.3877409986017,198.9252410003246,2.481858482389221e-12
8,89,532.0600839986582,48.98742800105538,3090.1837239998713,264.3039710019366,3378.646810004284,186.01492199923086,2.4734561230030758e-12
8,90,529.2257539986167,50.86316000051738,3061.6609129992867,263.9153300006001,3389.0589800012094,187.60571100028756,2.4307529586630355e-12
8,91,520.5755879960634,48.42947400356934,3056.87501599823,263.43553199876624,3334.6317339965026,185.93946800501726,2.4205478644703097e-12
8,92,524.0876310035674,49.21731799913687,3065.205112003241,263.13022000249475,3338.39370899841,184.13671599955705,2.328400726369776e-12
8,93,542.5385150028887,51.674502003152156,3088.7629319968255,262.35517100212746,3444.344544001069,190.4948669980513,2.4057993498962576e-12
8,94,531.1109510021197,50.569049000841915,3175.7297499989363,274.7092279987555,3511.5355030029605,188.96234100066067,2.4314022123704465e-12
8,95,523.0956860013976,50.75027400198451,3026.277642000423,263.5683060016163,3331.0882820060215,184.22766300136573,2.2771650721708905e-12
8,96,529.7807610004384,50.48165100015467,3085.963540004741,266.5841040015948,3377.6819049944606,185.0337789983314,2.351682172523063e-12
8,97,527.2331300002406,49.50264200306265,3021.699052002077,273.1377700001758,3415.765220999674,181.4239789982821,2.4084114900792637e-12
8,98,526.0141699982341,49.77567399510008,3059.5157700008713,263.15756300027715,3334.3872890018247,183.03093500071554,2.510625143500053e-12
8,99,525.0906070014025,48.6227909950685,3055.4946400006884,262.8481530027784,3335.986519998187,182.89397299668053,2.497261787528498e-12
12,0,3660.240940997028,78.17469900328433,10214.73233100005,992.4358219959686,11318.28003699593,669.9260199948185,2.4537588173093145e-12
12,1,3627.575109996542,73.57437499922526,10044.55621300258,973.8399649977509,11167.68424699876,677.6645170029951,2.513621376306511e-12
12,2,3645.4441200021392,72.91786099631281,10135.21030100128,988.241064002068,11220.096577997538,678.1369509935757,2.4025987735458516e-12
12,3,3639.945358998375,73.23471500058076,10212.609129997873,985.7110339980864,11361.356735997106,689.8635509987798,2.4958542473598266e-12
12,4,3652.559188003579,73.47565800046141,10106.347688000824,979.8908169996139,11166.481459998977,687.072739998257,2.582356608312606e-12
12,5,3640.826645994821,73.19361100053356,10109.429594001995,967.7116710008704,11139.293915000962,678.22831400008,2.5604809332277613e-12
12,6,3698.08374600143,74.61512400004722,10346.398389003298,1000.1786570010154,11478.978006000034,694.000599998617,2.4099514355435897e-12
12,7,3641.8002379959944,73.84973599982914,10166.192013999535,970.3545690026658,11249.919311001577,686.2602829951356,2.4968751365524107e-12
12,8,3712.836184997286,74.364322996189,10405.674273997647,1011.5785270027118,11499.955642995701,721.4280719963426,2.3479587459342212e-12
12,9,3635.531993000768,73.69471500169311,10199.507932997221,978.0081030003203,11237.636625002779,684.6190139967803,2.535111725375237e-12
12,10,3674.1001680020418,74.5300060025329,10172.166008998829,979.9451919989224,11191.289555996264,689.9538729976484,2.521136076357925e-12
12,11,3649.688059993423,73.29623399527918,10287.631581000824,988.3460910004942,11368.685573999755,704.4456150015321,2.4835437563464805e-12
12,12,3665.166904005673,74.59256000038295,10212.688057999912,992.7238449981814,11353.204001999984,711.0082349972799,2.4012514703441575e-12
12,13,3660.759677999522,73.90024900450953,10221.774619996722,994.8731880049309,11378.95529299567,707.9945280001994,2.3583324780537197e-12
12,14,3655.426081002588,76.65448600346281,10254.791175000719,984.7685119984817,11270.328507000158,704.1997040014394,2.473957948730458e-12
12,15,3667.562706001263,75.39124499817262,10293.368134000048,991.0279250016174,11276.563512999928,690.6827830025577,2.551320679633106e-12
12,16,3626.883466997242,74.30344599924865,10124.786549995406,974.7720130017115,11174.485331001051,686.2565109986463,2.3744781452832295e-12
12,17,3644.942635002735,74.12153100085561,10118.866840999544,982.3903029937355,11245.422754998799,691.9352620043355,2.3519536508709606e-12
12,18,3668.7303540020366,73.57568999941577,10297.49965299743,995.986683998126,11392.558595996888,703.8428240011854,2.4564295364717418e-12
12,19,3653.318279000814,73.56091200017545,10158.764333002182,978.3434520013543,11245.036573993275,696.0728489993926,2.344757547503441e-12
12,20,3606.442606998826,72.94391099821951,10065.778975000285,970.1022279987228,11144.92686200174,684.9805360016035,2.394469032775509e-12
12,21,3615.9971600009158,74.95075500264647,10129.121726999074,975.4028359930089,11170.168721002483,695.2185359987197,2.5212911832674985e-12
12,22,3636.975927001913,73.28037399383902,10132.872848003899,980.2830279968475,11219.987352998942,689.7599659987463,2.3787455253816416e-12
12,23,3652.788593000878,73.29261899758421,10083.624401002453,972.3198810006579,11134.829139999056,687.2412800039456,2.440462779510516e-12
12,24,3633.4304210013215,72.8429180016974,10086.237724999592,973.1690720036568,11202.355654002531,695.2496740013885,2.4839922437830586e-12
12,25,3638.7825810052163,76.02577500438201,10144.339524997122,978.1387259972689,11197.64614199994,694.821774999582,2.452470139532016e-12
12,26,3639.9322770030267,72.32667600328568,10135.719366999183,981.9711390009616,11282.462504996147,702.0984100036003,2.5184914756965456e-12
12,27,3619.3355479990714,73.96360999518947,10046.878317003575,965.2262179970421,11199.7623679963,684.1151619992161,2.3610414303577597e-12
12,28,3572.833924996303,72.15485299821012,9969.273122000232,966.4458169972932,11040.913262002505,676.330265998331,2.5131978600212344e-12
12,29,3687.2466990007524,73.54136499816377,10191.620694005906,981.1196339960588,11334.339512000952,704.444520000834,2.435709798407109e-12
12,30,3642.760830001862,73.48326100145641,10153.270835997318,982.2793399944203,11185.210036997887,719.8667870015925,2.469393911435846e-12
12,31,3594.7359170077107,71.75790600194887,10025.01039499839,965.8538570038218,11139.20778800275,677.3554869996588,2.4619630585558287e-12
12,32,3646.446315000503,73.12473899946781,10124.242359002892,972.8387940012908,11219.456375998561,698.8108709992957,2.520741308781447e-12
12,33,3679.6048270007304,73.12886500039895,10248.675859002105,982.5154799982556,11476.34827699585,719.3011800009117,2.3529825120252894e-12
12,34,3677.339063000545,73.17088600211719,10257.393826001135,981.2127809982485,11324.774046002858,694.9139339976682,2.3566248437726847e-12
12,35,3614.67703299968,72.71642799787514,10082.223245000932,980.9437399981107,11189.187703994321,691.6089030019066,2.37054639190369e-12
12,36,3694.0611110003374,73.79555799889204,10244.855432003533,999.1059499971016,11337.214129998756,710.8507039993128,2.4185538957990448e-12
12,37,3679.1087810015597,73.21607199810387,10356.273793002401,1002.9300409987627,11432.09085000126,700.4034470010083,2.3832231591369767e-12
12,38,3691.043159000401,73.56171199899109,10289.978082004382,995.8520039999712,11572.855363001509,711.1211180035752,2.3724128575287386e-12
12,39,3630.7677770000737,76.39947799907532,10113.469908999832,980.9032019984443,11341.79954600404,696.6911069994239,2.485528433118025e-12
12,40,3597.1571410009346,72.36400500005402,10084.478452004987,978.7825660023373,11265.82512099958,697.6844250002614,2.4475215805583138e-12
12,41,3630.779839997558,72.60614699771395,10068.915935002224,969.397751001452,11195.96761199864,693.0225930027518,2.3524028785108704e-12
12,42,3612.8131010027573,72.40964099946723,10054.163509998034,968.25269799956,11155.371313003343,688.7871850012743,2.5096644978605953e-12
12,43,3595.7131539998954,73.06624499506142,10064.797872000781,978.0796029990597,11152.805062003608,687.276891001602,2.443207942971922e-12
12,44,3612.100730999373,73.36752000446722,10154.695226998228,970.6196040078794,11215.480225999272,686.0516730012023,2.3170300378299957e-12
12,45,3625.388845002817,73.01553700381191,10092.50180300478,981.4642829987861,11258.876820002115,695.594541997707,2.485518746798987e-12
12,46,3657.886569002585,73.58723000106693,10150.256062001063,973.7126189993432,11209.281263996672,697.2254969969072,2.1798516875890205e-12
12,47,3619.055770996056,73.32163200044306,10166.035280997676,974.8161389943562,11259.071675001906,690.0992910050263,2.344386610573882e-12
12,48,3692.6971500015497,76.96171799580043,10199.699891996715,981.4248440015945,11287.817681995875,690.5467239994323,2.301835160037555e-12
12,49,3704.417184999329,74.38025400369952,10500.378838998586,995.6134200001543,11472.25155399974,715.5202680005459,2.3995868403545507e-12
12,50,3675.7085069948516,73.37225000082981,10343.41112599941,985.8806270003697,11304.715867001505,693.4347099977458,2.353187849146077e-12
12,51,3697.5581999995484,74.18261999919196,10307.932283996706,982.6936280005611,11365.132157998232,717.36663700176,2.3840244909205598e-12
12,52,3693.5608599978877,75.53450800332939,10424.84990700541,985.2796110026247,11340.913926005669,696.0928020016581,2.32615098075428e-12
12,53,3655.2686150043883,73.2848509978794,10179.326158995536,976.0920450025878,11205.589856996085,700.5280470002617,2.3995924515903885e-12
12,54,3641.359173998353,73.43760599542293,10174.049411994929,977.5795480018132,11311.532696998256,699.3811540050956,2.406017171375178e-12
12,55,3657.864288003111,73.57636099914089,10153.47778999967,976.8234539969853,11232.196350001686,708.0457989941351,2.4656226030194973e-12
12,56,3674.6190110006864,74.05550400653738,10189.052991998324,978.3823900015705,11214.84409999357,693.8313769987872,2.4132649503051773e-12
12,57,3707.3162700053217,75.02175000263378,10318.03974000104,983.066859000246,11415.407918004348,726.9951220005169,2.4297963998160254e-12
12,58,3675.5779259983683,74.94030600173573,10395.390468002006,1008.8810230045056,11439.075439004228,712.198527999135,2.3131251866207404e-12
12,59,3697.2546629986027,74.16445199851296,10252.7336309995,989.8660060043767,11523.243159999765,715.3235130008397,2.4201076443194673e-12
12,60,3706.1694740004896,72.9861229974631,10238.96297999454,987.7169330029574,11329.985062997366,698.0532470006438,2.3208733835416414e-12
12,61,3646.065567001642,73.9862139980687,10153.985970000576,977.4131780031894,11261.289027999737,699.5377429975633,2.3223110140783485e-12
12,62,3642.7536319988576,72.74959100141132,10111.741980994339,976.2511969984189,11208.156551003412,693.8786769951548,2.4001145530202575e-12
12,63,3656.6628319997108,73.98236600056407,10227.264241999364,980.6613520049723,11299.776514999394,708.1821379997564,2.455101250475198e-12
12,64,3657.613348999803,74.21693099968252,10214.178677000746,975.9515160003502,11291.818601001069,700.6662680032605,2.4953514880131225e-12
12,65,3683.063760992809,73.74570399952063,10242.520591000357,978.42363899872,11229.890505996082,696.8234070009203,2.355912540937984e-12
12,66,3634.3623120010307,72.76919899777567,10092.975251001917,977.9827860002115,11215.97463499893,695.2597050021723,2.4907911024930993e-12
12,67,3649.602148003396,72.67122199846199,10132.318339996345,982.6863380003488,11236.470965999615,692.3394280020148,2.418371683666209e-12
12,68,3714.0509110013227,75.25579999855836,10226.698833997943,991.1132770012046,11373.765432001164,711.3543560008111,2.493253012538021e-12
12,69,3649.480104997565,73.53776599666162,10265.663393998693,993.4262929982651,11448.42869900458,693.5095020016888,2.421727123544534e-12
12,70,3657.222501000433,75.10597199870972,10265.043026000058,983.8255129998288,11245.216788000107,705.4066359996796,2.3632398772676598e-12
12,71,3717.0417890010867,74.55745300285344,10187.979179992908,983.2049180022295,11418.388659998527,726.2893720017018,2.327662187581536e-12
12,72,3671.749512999668,73.47898000261921,10109.443301000283,981.9840359905356,11297.24177499702,699.2465770035778,2.3544604615590056e-12
12,73,3653.2260479998513,73.11840699730965,10193.616855998698,984.8547490018973,11252.564925996921,690.9378369928163,2.5325484241382842e-12
12,74,3611.4654220018565,73.0650549994607,10223.949891002121,982.8819450012816,11422.538132001137,694.9259450029786,2.4236456840159742e-12
12,75,3611.9371890054026,71.97595599973283,10110.076530996594,977.8094200009946,11156.974085997717,686.5048960025888,2.4537264015888038e-12
12,76,3599.320100995101,72.7833950004424,10043.593726004474,969.1324669984169,11127.900597000917,684.2534079987672,2.5037363053357426e-12
12,77,3651.0243699995044,75.24823099811329,10068.735172000743,970.9807780036499,11227.570999002637,694.962427000064,2.3520182899190438e-12
12,78,3632.7332720047707,72.80158100184053,10125.923998995859,979.8289699992893,11198.212736999267,684.1714999955002,2.2957704465088086e-12
12,79,3764.545509000527,74.18873899769096,10303.30329699973,997.7386390019092,11563.663850998637,724.1844860036508,2.5395151983499897e-12
12,80,3688.6881830014318,75.45564799875137,10382.407045999571,999.3296669981646,11419.592891003049,698.2390520024637,2.395182540988882e-12
12,81,3687.9022419980174,72.78100100302254,10180.039135002517,973.2859840023593,11290.19098200115,700.626599998941,2.43192452132751e-12
12,82,3769.908451002266,80.97334200283512,10434.738360996562,1029.1440640012297,11435.1162069961,722.2457730003953,2.4948701148916384e-12
12,83,3795.0336039994,75.69106799564906,10361.757227003181,991.8240129991318,11450.661239998226,723.1708749968675,2.497912323038942e-12
12,84,3749.430885996844,74.85251599973708,10501.714164996883,1007.4995789982495,11643.787029999658,722.7406179972604,2.3750695853485473e-12
12,85,3765.7975970032567,74.9348919998738,10445.357041005991,1004.7334430018964,11697.898202000943,696.2862330037751,2.4842245065691807e-12
12,86,3668.3650730010413,74.13352000185114,10221.594799999366,988.961308998114,11347.644176996255,698.5859950036684,2.419750308851585e-12
12,87,3944.9462030024733,82.48735599772772,11045.976416004123,1048.3047850011644,12194.722598000226,738.0571909998253,2.5097372855497777e-12
12,88,3872.1785959987756,78.5254390011687,10829.452910998953,1054.1462899982434,11923.911818003035,778.5155050023604,2.469307934679077e-12
12,89,3851.1555939949176,76.99047499954759,10998.661518995505,1055.7355789987923,12024.16742400419,759.7792980013764,2.5369163979213436e-12
12,90,3833.614247998412,76.61472100153333,10863.700539999627,1042.5583670021297,12034.723319999102,755.5315599965979,2.4644123637108258e-12
12,91,3928.3621850008785,82.60280200011039,10931.055310995362,1036.1787900001218,12154.262536001625,756.5984579941869,2.377438286127067e-12
12,92,3692.9925640033616,73.94890800060239,10320.241976998659,995.8893340062787,11403.671497995674,707.9736500036233,2.4667553523228116e-12
12,93,3823.588071998529,82.25565099746746,10469.040916002996,1001.7599319980945,11518.940521000332,727.741390999654,2.4665192373553644e-12
12,94,3658.1291729999066,73.21807399603131,10285.758375001024,985.9103020044131,11401.581235000776,705.1781699992716,2.4580622056542256e-12
12,95,3706.355161992178,75.03088100202149,10324.930581000444,990.1973389969498,11435.047999002563,702.9198089985584,2.386711419047525e-12
12,96,3777.4885300004826,76.72803400055273,10504.432663003172,1000.8507259935868,11759.59291300569,725.2014559999225,2.47609488137923e-12
12,97,4020.9261249947303,82.77659400300763,11543.368808997911,1078.9686899952358,12788.284156000373,805.104532995756,2.3090759333377295e-12
12,98,3877.80055300027,78.59579400428629,10777.731339005186,1020.1080409988208,11914.988504997382,759.1684609978984,2.3887265016387115e-12
12,99,3749.712050996095,75.68968999839853,10535.814699000184,1004.946180002662,11680.885407002279,737.0044519993826,2.417574290181913e-12
2,0,4.277917993022129,35.22337700269418,93.95786299864994,8.346226000867318,90.9786729971529,4.159901996899862,2.8808453142702387e-12
2,1,4.709471999376547,24.372357009269763,82.47110299998894,6.281754998781253,87.33028099959483,3.782340994803235,2.8771235694023414e-12
2,2,5.057788002886809,27.90399999503279,86.80156200716738,6.474371999502182,90.87602200452238,4.458863993932027,2.951159245216163e-12
2,3,3.844660001050215,24.261846992885694,80.61909699608805,6.610532997001428,86.50234100059606,3.8512840037583373,2.810228096763926e-12
2,4,4.459864998352714,24.99354400788434,102.74517499783542,6.84360800369177,98.23199699894758,4.841453992412426,2.9268943741224045e-12
2,5,3.670599005999975,27.241035000770353,100.68695500376634,7.298746990272775,101.41191999719013,4.23950600088574,3.1011552555822003e-12
2,6,3.699633998621721,23.926006004330702,84.01779599807924,6.271255006140564,87.94604700233322,4.065451001224574,2.798148348962436e-12
2,7,3.897782997228205,24.88258200173732,82.68070299527608,6.728166998072993,88.20922899758443,4.027430994028691,2.832779346603973e-12
2,8,3.980330002377741,24.400340997090098,84.83387900196249,7.026671002677176,87.44118300091941,4.61048299621325,3.1562933877640443e-12
2,9,4.128304004552774,27.447489002952352,87.82446499390062,6.409472996892873,106.26737600250635,5.962573988654185,2.8676417662068777e-12
2,10,4.010917997220531,25.303135000285693,80.05360700190067,6.4603560022078454,93.82055899914121,4.754344001412392,3.039123010204471e-12
2,11,3.4106520033674315,25.498567993054166,83.75156900001457,6.486477002908941,86.50718999706442,4.263891001755837,2.7591044035726144e-12
2,12,3.977085005317349,24.475975005771033,81.65848199860193,6.517464003991336,86.85549500660272,4.723789003037382,2.7816852899031484e-12
2,13,4.3027459978475235,24.22308299719589,83.94555799895898,6.2959819988464005,87.5932230046601,4.220098002406303,2.7875663085355563e-12
2,14,4.548554999928456,25.3160790016409,84.96223099791678,6.734196998877451,87.4801079989993,4.21525799902156,2.938431261214661e-12
2,15,3.7487170047825202,25.526741992507596,84.31013499648543,6.219676004548091,87.49873300257605,4.142869998759124,2.7396116747500832e-12
2,16,4.587780000292696,23.95708500262117,83.4724250016734,7.5425520044518635,87.701639997249,4.32399599958444,2.813395126260616e-12
2,17,3.910446001100354,23.575637002068106,82.00975100771757,6.912217999342829,87.0998509999481,4.365746004623361,3.0391158134965685e-12
2,18,3.7455020064953715,23.676813994825352,81.85704600327881,7.0444709999719635,86.43352900253376,4.604893001669552,2.5822836048120083e-12
2,19,3.3766579945222475,24.147348005499225,83.89469199755695,6.268309000006411,86.03185199899599,4.183267992630135,3.0046803876756776e-12
2,20,3.879407995555084,25.58368100289954,85.47567999630701,6.417323005734943,87.85199699923396,4.270453995559365,2.7204699925382574e-12
2,21,3.7583170051220804,26.893250993452966,82.51872399705462,6.338692997815087,86.70270299626281,4.299038999306504,3.009309241090762e-12
2,22,3.319012001156807,23.208159989735577,82.95785300288117,6.596084000193514,86.29929199378239,4.194098997686524,2.8751288426159063e-12
2,23,3.686618998472113,23.789483995642513,79.96197299507912,6.8152429957990535,86.60515700466931,4.3704550043912604,3.0224001057394854e-12
2,24,3.4345779931754805,26.056624003103934,83.61097899614833,6.388168003468309,87.85990199976368,4.186133002804127,3.0735487928407725e-12
2,25,3.81868099066196,23.277435997442808,79.7143689924269,6.286654010182247,84.58962800068548,4.0043869958026335,2.9283138714423554e-12
2,26,3.7441439999383874,21.973315997456666,70.29400099418126,6.90517600014573,72.78753200080246,3.704583999933675,2.735960728875762e-12
2,27,2.898094004194718,19.53817699541105,66.21102500503184,4.95608300116146,66.34596299409168,3.4154210006818175,2.7089296531788273e-12
2,28,2.8246130095794797,18.850061998819,63.47853700572159,4.891299999144394,62.82001099316403,3.198787999281194,2.7207463311869156e-12
2,29,2.6953670021612197,18.770641996525228,63.92105400300352,5.090614999062382,65.40213600237621,3.3326030024909414,2.7764792675521808e-12
2,30,2.9390010095085017,20.145435999438632,69.35445899580372,5.326710997906048,70.36726200021803,3.1799429925740696,2.8466790842244912e-12
2,31,2.9480689991032705,18.164344000979327,63.58021200139774,4.711064997536596,63.53396399936173,3.535811003530398,2.84499862666005e-12
2,32,3.343545009556692,20.27002400427591,63.09945500106551,4.875769998761825,63.47710500267567,3.3660070039331913,2.65550471162225e-12
2,33,2.445559010084253,18.21201499842573,61.96213200018974,4.73770600365242,63.373207005497534,3.284420999989379,3.235698348415573e-12
2,34,2.721426004427485,19.4373140038806,65.62730099540204,5.408516997704282,64.18581900652498,3.2088479929370806,2.8949615596018735e-12
2,35,2.921158004028257,20.113175007281825,61.03890099620912,4.750992004119325,63.93285600643139,3.339655995659996,2.893681320054067e-12
2,36,2.727942992351018,16.988434006634634,58.66331300785532,5.157237996172626,62.78534499142552,3.247970998927485,2.8864067266650234e-12
2,37,2.8295329975662753,19.10282600147184,62.88870199932717,4.599832005624194,63.64897399907932,3.266387000621762,3.031249386159439e-12
2,38,2.7780140007962473,17.09722600207897,63.44473399803974,5.158671010576654,63.338670996017754,3.272647998528555,2.641677704261692e-12
2,39,2.7025400049751624,17.790541001886595,63.29495899990434,4.832327002077363,64.39066000166349,3.292666995548643,2.776344846981209e-12
2,40,3.1101080021471716,21.229335994576104,63.786897000682075,4.804984004294965,65.09218000428518,3.3644549985183403,2.8159470126744978e-12
2,41,2.726325998082757,18.78472799580777,62.671197003510315,4.6522429984179325,62.695974003872834,3.236229000322055,2.715436512981533e-12
2,42,2.334117998543661,18.771201008348726,61.45186899811961,4.71416101208888,63.78983199829236,3.3123449902632274,2.758844592512818e-12
2,43,3.7425059927045368,19.29443200788228,65.5549719958799,4.820705005840864,62.75638899387559,3.2524510024813935,2.964770366166083e-12
2,44,2.836234991264064,19.493281994073186,59.96835599944461,4.699543998867739,62.70130399934715,3.3823280027718283,2.758563058778324e-12
2,45,2.9235830006655306,17.757446999894455,58.783583001059014,4.682101003709249,63.450816000113264,3.641712995886337,2.8341119468781645e-12
2,46,2.4715399922570214,19.098917000519577,62.76877200434683,4.829120000067633,62.572097005613614,3.1960620035533793,2.924940298570271e-12
2,47,2.3719489981886,20.61398600199027,59.88431500009028,4.9843669985421,63.786546998017,3.2265310001093894,2.655245248426338e-12
2,48,2.5776610054890625,18.28728699911153,67.02713499544188,4.796829001861624,63.896745996316895,3.4237479994772,2.8663870202105024e-12
2,49,2.386256994213909,17.262392000702675,59.240907001367304,4.697288997704163,65.04555000719847,3.556160991138313,2.905332813463283e-12
2,50,2.4842840066412464,19.918231999326963,63.06554899492767,4.7324260012828745,62.9856470040977,3.361328002938535,2.745810625502599e-12
2,51,2.789306003251113,18.53926899639191,61.645096000574995,4.648326997994445,62.57936199835967,3.2736309949541464,2.8552283193495018e-12
2,52,2.6831530049094,18.002805001742672,62.61636199633358,5.256246993667446,63.683669999591075,3.373180989001412,2.788535106205924e-12
2,53,2.627226000186056,17.513560997031163,62.03759599884506,5.003744001442101,65.44098499580286,3.450258001976181,2.99627416975058e-12
2,54,8.349732001079246,17.198027999256738,61.37818800198147,4.698642005678266,63.963333996071015,3.307856008177623,2.731708329102414e-12
2,55,2.704594000533689,19.042709995119367,59.80020399874775,4.714202004834078,67.04429699311731,3.9257460011867806,2.69989576733097e-12
2,56,2.7356230057193898,17.89926700439537,60.32203100039624,4.862233996391296,64.02194499969482,3.38532399473479,2.8713234583587282e-12
2,57,2.5093910007853992,22.446260001743212,65.51788599608699,4.973763003363274,67.47109099524096,3.793254007177893,2.959840351845053e-12
2,58,2.4687839977559634,16.780370999185834,63.109364004048984,4.783614000189118,65.41005600593053,3.3067840049625374,2.945270096329513e-12
2,59,2.400894998572767,16.50766999955522,61.50847699609585,4.396885997266509,62.52227199729532,3.12158099404769,2.8546597033665113e-12
2,60,2.890169002057519,18.059543006529566,61.150852990977,4.576909996103495,62.74420600675512,3.3032869978342205,2.760570096677806e-12
2,61,2.4744140027905814,17.653649003477767,59.181042001000606,4.8653909980203025,66.27606899564853,3.1413869946845807,2.80331629733366e-12
2,62,2.3155309972935356,18.400102999294177,63.846782002656255,4.7802680055610836,62.975729000754654,3.435760998399928,2.51498448790796e-12
2,63,3.2748240046203136,18.903721000242513,60.01340100920061,4.678714001784101,62.27767500968184,3.1642309986636974,2.770236982782145e-12
2,64,2.7926420007133856,18.4203829994658,59.48908998834668,4.9561640043975785,63.45921100000851,3.3803250044002198,2.9381425291899926e-12
2,65,3.33186199713964,19.44671099772677,62.886087005608715,4.66565799433738,63.28550900798291,3.2852640069904737,2.8159862232716237e-12
2,66,2.3261809983523563,19.834402002743445,63.192301997332834,4.672810995543841,64.9137889922713,3.4728509999695234,2.8232661662136025e-12
2,67,2.5284880030085333,18.662285001482815,67.25110099796439,4.740381002193317,63.261764000344556,3.335640001751017,2.9925964360891687e-12
2,68,2.9401740030152723,19.61354100785684,61.75760099722538,4.679555000620894,63.556467001035344,3.2844709930941463,2.66743623356139e-12
2,69,2.5442379992455244,17.41770900116535,58.91894199885428,4.663805004383903,62.377505004405975,3.4346569955232553,3.0217904511973965e-12
2,70,2.30315700173378,17.769700003555045,60.87161100731464,4.765019002661575,62.45948300056625,3.5928799989051186,2.8021084500174936e-12
2,71,2.545098999689799,17.966216000786517,60.24292899382999,4.74892800411908,63.42049799422966,3.2695030022296123,2.9205602274125166e-12
2,72,2.4775409983703867,18.114367994712666,61.09552800626261,4.800235990842339,64.1864799981704,3.2615379968774505,2.952805482389381e-12
2,73,2.424338999844622,19.434207992162555,62.02710699290037,4.643647000193596,62.74413699429715,3.4067950036842376,2.817098544434409e-12
2,74,2.755030000116676,18.912641993665602,63.28398599725915,4.717207993962802,63.67178700020304,3.2598440011497587,2.7645265430995092e-12
2,75,3.656071006844286,18.230540001241025,63.668331000371836,4.62160499591846,62.9628239912563,3.4034889977192506,2.9447514106498756e-12
2,76,4.4823779971920885,20.87689400650561,66.11056399560766,4.80553500528913,63.300358000560664,3.3863160060718656,2.836805863811359e-12
2,77,3.5719410007004626,18.170695002481807,60.937034999369644,4.8357639971072786,62.64311300765257,3.2620089914416894,3.0206743159430443e-12
2,78,2.420722994429525,17.75209599873051,58.98753299698001,4.629518989531789,62.76957399677485,3.283970996562857,2.7753332519723773e-12
2,79,2.6688259895308875,18.608210993988905,64.63112899655243,4.753876994072925,63.39348600158701,3.310631000204012,2.8058884614712238e-12
2,80,2.4679129928699695,25.24721899681026,63.13184699683916,4.889307005214505,64.41621799604036,3.3021549970726483,2.9327883900341917e-12
2,81,2.8556019969983026,17.877136000606697,61.178225005278364,4.7095929985516705,63.780986005440354,3.3332249950035475,2.8683850263756607e-12
2,82,2.6558360041235574,17.60347799427109,59.32241299888119,4.726373997982591,62.823077001667116,3.49525499768788,2.6421145358830656e-12
2,83,3.1484709979849868,20.023883997055236,63.15144399559358,4.706626998085994,63.51402600557776,3.325028999825008,2.9514173517011778e-12
2,84,2.93199899897445,18.47023799928138,62.24769900290994,5.3845719958189875,63.13702600164106,3.2699329967726953,2.8626962065240067e-12
2,85,2.8663630000664853,18.597782000142615,62.52711100387387,4.896579994237982,63.094354001805186,3.304489997390192,2.9042195127401344e-12
2,86,3.3679510015645064,18.48670899926219,62.11714800156187,4.814754000108223,64.38617000094382,3.2910840018303134,2.8777157046469863e-12
2,87,2.8333000009297393,18.523830010963138,61.96428700059187,4.614250996382907,65.05680200643837,3.483171996776946,2.620630692455921e-12
2,88,2.9272390020196326,18.781590995786246,61.96577400987735,4.798883004696108,63.36074800492497,3.435270002228208,2.905021134969306e-12
2,89,3.008994994161185,17.07808000355726,59.283256996423006,4.6424950051005,62.92995999683626,3.3598259979044087,2.857825075419387e-12
2,90,2.5589259967091493,19.52457100560423,63.17972699616803,5.049822997534648,62.7106210013153,3.349976002937183,3.0731579991783417e-12
2,91,2.4337779977940954,17.890601004182827,63.633534002292436,5.084900003566872,63.20716000482207,3.436111001065001,3.008395436213413e-12
2,92,2.806518998113461,19.0131540002767,64.06105100177228,4.692040005465969,63.255432003643364,3.465888003120199,2.77383407190787e-12
2,93,3.176054000505246,18.551132001448423,65.51291199866682,5.19244400493335,62.56343100540107,3.6763200114364736,2.6177704652991525e-12
2,94,2.3113429997465573,18.865732992708217,65.81992900464684,4.852345002291258,63.20008700276958,3.291794993856456,2.792935690493182e-12
2,95,4.3038479998358525,19.007172995770816,59.77011799404863,4.678684003010858,64.11131599452347,3.3088390046032146,2.9780298852547236e-12
2,96,2.542845999414567,17.467764002503827,59.29115200706292,4.813910993107129,62.33635699754814,3.4420019946992397,2.957599864202874e-12
2,97,2.7603999988059513,19.856223996612243,64.17716199939605,4.664997999498155,63.31750100071076,3.3594949927646667,2.86531270004212e-12
2,98,3.1160689977696165,18.697501000133343,64.58599200414028,4.829261997656431,65.31781099329237,3.3853040004032664,2.804380441094985e-12
2,99,2.554095997766126,19.07185700838454,62.00319099298213,4.6470629968098365,62.30452700401656,3.2957020011963323,2.7009544969868043e-12
6,0,188.1838559929747,49.662656005239114,1598.1776970002102,140.10128199879546,1742.3796200018842,85.68794500024524,2.5556473164420572e-12
6,1,181.82362300285604,53.37296399375191,1544.6427350107115,131.12202499178238,1705.8612880064175,88.86735499254428,2.4406489137938513e-12
6,2,189.75575600052252,49.42274899804033,1588.184756008559,131.9789540139027,1697.8912750055315,88.05798100365791,2.4834662195370807e-12
6,3,184.504539007321,50.27127100765938,1573.0985300106113,133.55163899541367,1776.4992719894508,92.50995099137072,2.5237360056038898e-12
6,4,190.93244299438084,48.865145989111625,1557.935016004194,132.67344299674733,1694.3997869966552,90.0976960110711,2.3572898646712007e-12
6,5,184.63252500077942,48.971226991852745,1550.8029379998334,132.43568800680805,1716.0171630021068,91.94552602275508,2.3855118190773503e-12
6,6,188.0130699937581,48.10905200429261,1565.8038800174836,131.43452499207342,1727.8750159966876,91.14995400886983,2.553303955353059e-12
6,7,191.21104599616956,48.66093400050886,1542.306434996135,131.59604401153047,1710.4142250100267,89.22706200246466,2.497333968410269e-12
6,8,189.22557300538756,49.33091498241993,1557.2936199896503,132.95499899686547,1749.8816160004935,92.11214199604001,2.50352316250182e-12
6,9,188.7002719886368,49.29262201039819,1563.8972009983263,135.31136999517912,1705.2880380069837,88.42676499625668,2.456673131098517e-12
6,10,188.4343240162707,49.6243640081957,1536.0752470151056,130.96859600773314,1694.2183200153522,90.10932700766716,2.561234432611497e-12
6,11,185.82340700231725,48.94305499328766,1587.3906509950757,132.40189200587338,1738.2443440073985,97.55054500419647,2.4448763347391347e-12
6,12,188.7601159978658,49.899739991815295,1550.7854650059016,131.4207100076601,1705.8218250022037,90.22986899799434,2.4788262296890386e-12
6,13,190.62000699341297,51.02408700622618,1539.3985719929333,131.2719939960516,1724.7748669833527,96.02638700016541,2.459301659127539e-12
6,14,182.34960599511396,49.620306002907455,1586.4040160013246,132.39727100881282,1748.6952010003733,90.08639499370474,2.4431170821437916e-12
6,15,191.87881101242965,50.88605100172572,1546.5663290015073,130.81108599726576,1694.1658610085142,90.4615300023579,2.3691265422129807e-12
6,16,194.32413899630774,51.07259000214981,1555.2080209890846,134.33641601295676,1734.531597008754,89.2791029982618,2.587406909675612e-12
6,17,196.6127400082769,51.6852079963428,1550.9807489943341,133.7739330047043,1742.1197650037357,91.72041300917044,2.50462065749858e-12
6,18,191.87251800030936,48.90419001458213,1556.428228999721,131.6250390082132,1705.1855329991668,89.21013200597372,2.4595201967830818e-12
6,19,192.83624900708674,50.55474199616583,1573.8031569853774,131.5518009942025,1695.3836559914635,90.51903999352362,2.3892737679628467e-12
6,20,189.36030199256493,53.824393995455466,1565.110397998069,131.89538700680714,1740.3512969976873,90.83936300157802,2.4828824353437104e-12
6,21,181.1873549959273,48.648638985469006,1643.127577000996,136.2607909977669,1820.3916970014689,89.02955299708992,2.4168919461240236e-12
6,22,186.6583230003016,50.39364200638374,1575.1862460019765,132.78929200896528,1724.471266999899,91.39138700265903,2.498166625329767e-12
6,23,196.16846900316887,65.40195100387791,1661.3432679951075,137.2089009892079,1795.8221470034914,102.4954680033261,2.5591112843215665e-12
6,24,196.1874760017963,57.491336003295146,1641.5824269934092,141.60499600257026,1783.2965310153668,92.03999399323948,2.6310094045528903e-12
6,25,185.508435992233,50.63512400374748,1608.1901659999858,136.55321899568662,1769.6229510038393,93.39853799610864,2.444073383526123e-12
6,26,171.7785599976196,48.33210700599011,1595.9410580035183,133.00365199393127,1903.3092649915488,92.9783169995062,2.388144587221085e-12
6,27,175.38021599466447,48.57643198920414,1647.6507519982988,136.75625698670046,1770.337787005701,96.15197798120789,2.4911065558029684e-12
6,28,180.73953900602646,47.85979499138193,1574.5465860090917,142.5778239936335,1825.4988730113837,98.69747599441325,2.4532216666750327e-12
6,29,187.66921099449974,49.42665599810425,1544.8834850103594,131.2541529914597,1763.3605130104115,94.89268199831713,2.620929486491747e-12
6,30,188.64675999066094,50.57585000031395,1657.2066480002832,138.77322900225408,1791.0858549948898,92.56182199897012,2.6312981922592996e-12
6,31,198.88014900061535,50.34027099463856,1679.9570590010262,132.74171199736884,1818.896314012818,93.50283800449688,2.548870311717352e-12
6,32,187.77401099941926,48.87290799524635,1549.3622079957277,132.85478699981468,1699.7084930117126,89.77819602296222,2.3976273566668058e-12
6,33,188.6418590147514,51.19245802052319,1550.5228740075836,131.283908005571,1731.829928998195,95.2506550020189,2.4878267832846994e-12
6,34,181.90695899102138,48.86073699890403,1549.4555459954427,132.02486299996963,1709.8581430109334,91.91296200151555,2.418506092783544e-12
6,35,187.26629400043748,49.39058900345117,1548.2655119922129,131.00190099794418,1699.695809984405,92.26572699844837,2.5513107008281604e-12
6,36,184.99107999377884,53.550231001281645,1575.3131290039164,133.91820700780954,1729.0222570081824,90.07504198234528,2.5236870985497937e-12
6,37,184.28483200113988,53.35613998613553,1565.7188599871006,132.04391799808946,1725.185520001105,90.63603299728129,2.544797039869204e-12
6,38,195.0395710009616,48.528978004469536,1581.3901040019118,136.3868909975281,1840.7905210042372,96.5057919966057,2.4260690944991272e-12
6,39,184.98172098770738,51.689967993297614,1615.4918569955043,139.9482319902745,1742.8661690137233,95.68021500308532,2.5159395393542344e-12
6,40,183.01549800526118,48.535094007092994,1612.009438991663,133.48597299773246,1852.8591450012755,97.34318100527162,2.5620710333926646e-12
6,41,205.7292870085803,55.280082997342106,1635.6609610083979,135.3210380038945,1793.815804994665,91.64710499317152,2.5054287935753418e-12
6,42,175.0371229936718,48.66072499862639,1596.1091600038344,135.6001310123247,1743.75259399676,90.79370299878065,2.372496436708801e-12
6,43,169.97038700355915,47.17855499620782,1624.040951995994,135.00711899541784,1743.5283840022748,93.22785300173564,2.4618897604466582e-12
6,44,172.00792800576892,49.80652199446922,1585.8798760018544,134.71730500168633,1760.0188639917178,94.44814100424992,2.5090169823334368e-12
6,45,178.94860999513185,51.19869099871721,1562.120707007125,133.96060997911263,1728.516932002094,99.12480899947695,2.586561391280694e-12
6,46,169.5734410022851,50.14796298928559,1600.5782410211395,137.59221299551427,1760.1136629964458,89.92923300684197,2.4658036094583825e-12
6,47,175.7478790023015,49.92369600222446,1565.434275995358,132.00584800506476,1711.2185209989548,89.44579101080308,2.4790253431326366e-12
6,48,170.6770270029665,48.23816800490022,1555.7678189870785,134.15521000570152,1761.4024950089515,89.61994301353116,2.5522501043822064e-12
6,49,171.85135000181617,48.573777996352874,1575.4855389895965,136.88131399976555,1723.2906409990392,91.35798099305248,2.4626443414194222e-12
6,50,172.79406899615424,50.31841000163695,1698.4833930109744,135.68136699905153,1784.0909760052455,91.2859930031118,2.5912662860970536e-12
6,51,178.16704800497973,48.00323900417425,1650.0202969982638,133.78950299374992,1813.7469329958549,94.46081700298237,2.4631589809417987e-12
6,52,173.99713600752875,48.937502011540346,1591.9117030061898,134.62424601311795,1764.4566669987398,92.74373799416935,2.4586679369791413e-12
6,53,174.97776102391072,49.788196993176825,1558.0996990101994,134.56467199284816,1803.053555006045,103.51927499868907,2.394827898900636e-12
6,54,185.31601900031092,50.99836900626542,1596.4598880091216,134.50531098351348,1800.3559020071407,92.37652601586888,2.5780654995214307e-12
6,55,180.18772899813484,48.0350490033743,1599.0105670061894,134.8650960062514,1762.0290110062342,92.81288100464735,2.2991944191348623e-12
6,56,170.50353599188384,47.59684100281447,1583.6737930003437,137.96946299407864,1725.879748009902,90.8144849963719,2.3919806063582163e-12
6,57,173.95515499811154,48.73005700937938,1565.4377109967754,135.57425000180956,1721.1523600053624,92.05792699503945,2.4056722643742195e-12
6,58,171.76608600857435,48.85455500334501,1604.2358640042949,133.46657699730713,1797.2607830160996,92.4268739981926,2.5587686184742595e-12
6,59,170.44978200283367,50.22970999561949,1562.7698070165934,131.71161300124368,1722.8161650054972,92.23646999453194,2.351599646914589e-12
6,60,178.72200600686483,48.52257899619872,1595.6730140096624,133.70917000429472,1826.474113004224,88.21131399599835,2.6076167404311225e-12
6,61,178.1871169951046,52.576420006516855,1596.5351190025103,136.99859000917058,1722.0058910024818,97.62565999699291,2.4415987020781132e-12
6,62,169.4696910053608,47.73315499187447,1537.918626985629,130.34665899613174,1697.035799996229,89.93280000140658,2.4947411776575146e-12
6,63,177.27672799810534,47.224062007444445,1533.0925800080877,132.2224890027428,1702.4751479984843,91.13344199431594,2.4142766915788714e-12
6,64,167.57848199631553,45.44480199547252,1537.67735499423,131.69930100411875,1686.9376759932493,90.69922300113831,2.4894404673456404e-12
6,65,167.3781880090246,45.24797799967928,1539.8156480005127,130.48014300875366,1687.0591819970286,89.73734701430658,2.492377607721165e-12
6,66,171.3928940007463,48.2445890083909,1561.0749930056045,130.47477300278842,1697.3021589947166,93.16143600153737,2.4354256140446456e-12
6,67,171.19284300133586,45.60429699631641,1596.1003010015702,132.91846898937365,1715.5879760030075,90.96859899000265,2.5048614487257573e-12
6,68,168.09382299834397,45.32670700427843,1533.2515070040245,131.07226299325703,1688.2733699967503,91.62848800770007,2.4783996830370086e-12
6,69,169.25129399169236,45.526091002102476,1537.0984809851507,130.75821500387974,1698.7046279973583,90.70428300037747,2.494883694046885e-12
6,70,168.91780698642833,45.225205016322434,1534.3382120045135,130.76367598841898,1691.8766210073954,90.51625400024932,2.436945816298472e-12
6,71,182.27866000233917,48.92541901062941,1591.7047869952512,130.55361500300933,1694.4137149912422,89.4541180023225,2.3919616804254756e-12
6,72,168.11408400826622,45.550726987130474,1549.0128719975473,130.79600599303376,1703.1665680042352,89.07722600270063,2.56423246911832e-12
6,73,176.91516900231363,48.26519599737367,1563.7862330113421,130.71103399124695,1743.945571994118,90.48066598916193,2.4690731201222245e-12
6,74,171.0907269953168,50.91915599768981,1599.2470690107439,134.35619400115684,1690.127100002428,91.15367200865876,2.5576779318466443e-12
6,75,168.87344299902907,46.65723000653088,1545.990040009201,131.49286700354423,1711.3717239990365,89.69398400222417,2.342282099277963e-12
6,76,167.31640900979983,45.478177002223674,1531.4508569936152,131.36754700826714,1687.3037980039953,88.67035300499992,2.4951414925140545e-12
6,77,170.37504899053602,45.23527499259217,1537.5261880108155,130.22421600180678,1690.217412004131,89.72609699412715,2.282581148405175e-12
6,78,168.6523610042059,46.286570985103026,1538.478344991745,132.03114500356605,1689.2275400095969,89.23359600885306,2.440081756134127e-12
6,79,169.77512399898842,44.910022006661166,1531.2006090025534,130.8642779913498,1683.0567060023895,91.1194369837176,2.427127208720951e-12
6,80,168.8703479958349,45.51859200728359,1536.048154994205,130.53823399968678,1693.9085389967659,89.95970299292821,2.315890156893672e-12
6,81,171.64841000339948,44.90109600010328,1535.0905070008594,130.28314700932242,1707.5790420130943,95.33892300532898,2.4649643577107136e-12
6,82,168.2730759930564,45.704698997724336,1535.7640819929657,131.64227199013112,1691.9483150049928,90.1456879946636,2.5315154449504916e-12
6,83,168.5563569990336,47.89560399512993,1544.850143000076,130.70204699761234,1685.899246003828,89.96489299170207,2.4818623130284616e-12
6,84,168.04341800161637,45.456856991222594,1539.1048210076406,130.2646809926955,1691.0285300036776,89.71355298854178,2.49968959313073e-12
6,85,168.82909700507298,45.32374200789491,1528.7236590083921,130.32656900031725,1691.9626830058405,89.69358500326052,2.5713047650654398e-12
6,86,167.3630079967552,45.039307995466515,1537.2204710001824,132.11437400605064,1692.5724690081552,90.4087500020978,2.462379797570777e-12
6,87,177.25801400956698,46.07736000616569,1598.972223007877,134.03126299817814,1760.3373510064557,99.31794000294758,2.4011119128867255e-12
6,88,177.0257590105757,49.44747699482832,1568.145603989251,131.92516200069804,1741.9434480179916,90.80464600265259,2.3971178874023476e-12
6,89,175.57853600010276,48.79702399193775,1577.7614940088824,134.2777170066256,1736.269043001812,96.83559100085404,2.531652207846835e-12
6,90,168.4520479902858,48.46059099509148,1576.6999879924697,136.28774300013902,1861.2348590104375,100.12546300276881,2.506862863964722e-12
6,91,170.07224800181575,47.77329999342328,1576.0382030057372,136.70816600642866,1826.6384689995903,104.26325498701772,2.5037033069540794e-12
6,92,168.96185200312175,49.63125800713897,1596.4563609886682,131.16758500109427,1716.4526560081868,94.39980099705281,2.4917067214617275e-12
6,93,192.61143000039738,53.457112015166786,1586.9153320018086,133.98804300959455,1720.3537829918787,117.80917999567464,2.494276313199362e-12
6,94,188.43449399719248,50.68345700419741,1694.4587090038112,144.57907599717146,1845.6448979923152,100.34787700715242,2.488688344912415e-12
6,95,184.251751001284,52.662833004433196,1691.4706840034341,139.22440000169445,1858.954608993372,96.00622399011627,2.4981990382655664e-12
6,96,203.13951498974347,51.267883005493786,1620.2785830100765,138.68387800903292,1765.8424620094593,95.12160799931735,2.4356546237212303e-12
6,97,180.34854000870837,53.30379599763546,1607.240131983417,144.48452299257042,1826.4245110112824,91.32246399531141,2.475734242962047e-12
6,98,217.35313299723202,50.866981990111526,1600.4802079987712,137.63601500249933,1811.6710399990552,98.27340699848719,2.4900880449406156e-12
6,99,192.70434600912267,49.57521100732265,1596.7227910077781,135.01969999924768,1763.3771969922236,92.57390400307486,2.495931576733238e-12
10,0,1876.2335060018813,85.37375499872724,7328.612471996166,709.9676239886321,8077.623227000004,466.00806398055283,2.5717649937250426e-12
10,1,1947.6306929864222,82.15175400255248,7400.529742997605,693.9280419974239,8167.139047989622,505.55339999118587,2.3347311060803934e-12
10,2,1885.7904359974782,83.72471501206746,7247.051336998993,680.9864789902349,7988.060747004056,469.6929000201635,2.381411400627479e-12
10,3,1868.7786139998934,80.21832100348547,7325.5174410078325,691.2022679971415,8074.6360379998805,465.2852500003064,2.3327113938890777e-12
10,4,1882.5391450009192,79.48798600409646,7264.254285997595,691.0192459981772,7998.797811007535,464.1650420089718,2.370284142057262e-12
10,5,1863.8202840083977,81.1936149984831,7184.247136981867,686.8317590051447,7976.810767002462,465.1495129801333,2.4990558721833705e-12
10,6,1851.202211008058,79.14403001632309,7291.412944992771,690.2492260051076,7976.240457988752,470.4749699885724,2.4194833714614837e-12
10,7,1937.6546480052639,82.35444899037248,7611.924982003984,689.7033119967091,8411.928105007973,521.1134129858692,2.4775419299183637e-12
10,8,1907.7790610099328,84.36498897935962,7363.556044001598,690.108787995996,7980.665207986021,480.3252090132446,2.5882897485880483e-12
10,9,1917.8493479994358,82.03723499900661,7531.291879007767,708.610708003107,8254.999729986594,494.9265219911467,2.5830144750408643e-12
10,10,1962.0252119857469,84.09030998882372,7545.5645760084735,721.0568840018823,8383.411900998908,519.4177219891571,2.5122024801066863e-12
10,11,1969.8514060146408,85.44069300114643,7479.829160998634,693.6264539908734,8343.235631000425,505.4138249979587,2.5162054713877867e-12
10,12,1944.8440960040898,82.58994000061648,7685.329681997246,712.0059299995773,8380.937282010564,531.1636039914447,2.355677233713282e-12
10,13,1882.731044999673,81.78836898878217,7420.809015995474,684.5993790120701,8292.434060000232,514.6586070040939,2.384381932591884e-12
10,14,1907.9263519961387,82.7457659834181,7511.894747018232,694.6286170132225,8326.91394599533,506.6875280099339,2.3929489872341685e-12
10,15,1924.5287849771557,88.07086600427283,7573.336537985597,712.1933289890876,8432.151351997163,515.2441460086266,2.4415812942013768e-12
10,16,1917.101207014639,84.60970300075132,7573.979556007544,700.63559000846,8412.544591992628,530.997314992419,2.5535833529004406e-12
10,17,1894.1869789996417,81.68479099549586,7503.641167000751,722.209566993115,8261.880363010278,523.1055859985645,2.39180180948187e-12
10,18,1880.4919479953242,83.33256898913532,7352.109640982235,690.9813250022125,8173.79671701201,500.3399449851713,2.450384601607835e-12
10,19,1912.9347370035248,83.73556900914991,7562.371604013606,692.7688570067403,8358.698598007322,502.6374430017313,2.372038321083058e-12
10,20,1876.1909960012417,82.87745800043922,7298.84566700639,689.0911850059638,8129.376349999802,504.39422899944475,2.5058339022606594e-12
10,21,1868.0651739996392,80.55065399094019,7380.050400992332,703.5112099911203,8105.418885003019,504.91842901101336,2.464415399012487e-12
10,22,1944.733955002448,84.81970698630903,7383.488106999721,697.0650009898236,8149.022064986639,506.96906399389263,2.2777366681771324e-12
10,23,1889.168684996548,81.05545000580605,7371.1492880029255,692.4575019875192,8030.378260998987,490.7175219923374,2.457186060922444e-12
10,24,1862.1473900202545,84.80225598759716,7379.420229000971,681.9521549987257,8017.285181005718,502.98705200111726,2.30261469301608e-12
10,25,1861.566549006966,83.00677600345807,7484.878734001541,715.6682969871326,8314.457607011718,512.6260539982468,2.498187782849154e-12
10,26,1939.4462980126264,83.87652598321438,7729.206921998411,703.9747230082867,8742.84801199974,535.5413470024359,2.3584030162170313e-12
10,27,1905.0232579975273,83.9571210090071,7608.452460997796,705.0715490040602,8365.140917005192,537.6021460106131,2.5295820239961175e-12
10,28,1899.7414959885646,80.35680798639078,7510.43076399219,696.7430139993667,8195.751979976194,513.3180609991541,2.4921322822025507e-12
10,29,1829.7423330077436,79.15817499451805,7317.443726999045,682.2620049933903,20905.996723995486,551.9576549850171,2.301516617738098e-12
10,30,1801.0402099971543,80.62552999035688,7151.553731004242,682.8397489880444,7857.544476995827,490.4343529851758,2.4858521357795406e-12
10,31,1816.1926829925505,76.71609399403678,7127.921986997535,682.3995380036649,7830.676484001742,486.92357999971136,2.4508875120169706e-12
10,32,1856.6640999924857,76.03191598900594,7401.403349991597,653.7024939971161,8226.88510199805,483.2045480070519,2.514499649589313e-12
10,33,1849.929231000715,76.92912100173999,7451.589551004872,675.0507870310685,8244.492020996404,485.81217102037044,2.5366787161286977e-12
10,34,1893.5181390188518,86.68618700903608,7617.285347994766,687.9322640015744,8414.0923179948,499.06745799671626,2.4196241248023427e-12
10,35,1899.7000729941647,81.35261698771501,7523.396329990646,752.2697519962094,8583.786804018018,503.75361899932614,2.5536267321764615e-12
10,36,1923.2949380020727,81.56798999698367,7673.309044992493,706.29544298572,8391.743191990827,513.5864410112845,2.4471855308474585e-12
10,37,1883.7834090154502,81.88726200751262,7695.227921998594,707.3414669939666,8448.936115004472,515.9111780012609,2.455935684859196e-12
10,38,1901.6795879942947,78.6491460094112,7569.93669798976,700.9384580014739,8474.622212997929,558.8933710023412,2.3794638362919777e-12
10,39,1881.9541019984172,81.32160798413679,7545.577304015751,709.7864609895623,8433.227543006069,536.9421490104287,2.5155617187703655e-12
10,40,1966.3198279959033,83.06397999695037,7652.132511997479,709.8053029985749,8468.54208401055,519.0943280031206,2.4699651313022324e-12
10,41,1959.6561750004184,91.00534900062485,7887.8926940087695,683.4110989875626,8551.106776008965,483.63850598980207,2.4718519200269252e-12
10,42,1987.5686849991325,83.62305200716946,7767.366247011523,693.450179991487,8763.145121978596,497.24387399328407,2.5693843055752694e-12
10,43,1964.8712749985862,80.97656000609277,7675.865841010818,683.0301219888497,8517.835851002019,512.3216770080035,2.4782049016583744e-12
10,44,1951.7507629861939,80.45548499649158,7609.791152004618,671.6579609856126,8390.373649010144,530.7936510071158,2.45683325382333e-12
10,45,1914.8102879989892,86.02235299622407,7687.3650119960075,686.2959920035792,8546.020825997402,510.2596589931636,2.4915907761811666e-12
10,46,1921.0919940087479,82.99036898824852,7688.184638012899,686.8176679927274,8527.130317001138,494.2809490021318,2.3700175301394127e-12
10,47,1941.332740992948,84.56539399776375,7559.672036004486,671.3962169960723,8525.419256999157,518.1586370017612,2.5040160143241297e-12
10,48,1918.826977002027,78.03406600578455,7601.43432301993,670.7036349980626,8478.775955001765,511.82299098582007,2.394705932353087e-12
10,49,1931.6418809976312,83.0375720106531,7749.618508001731,691.1534239989123,8426.056954020169,491.53280099562835,2.46226307433053e-12
10,50,1974.189357002615,82.89339100156212,7816.629401015234,694.3386950224522,8664.61607599922,514.6613820033963,2.252951684965594e-12
10,51,1944.3799699802184,84.1088949891855,7815.144250002049,689.810870004294,8613.566390988126,496.60859600408,2.6123612255792788e-12
10,52,1908.2282900053542,79.4635910060606,7799.338322998665,689.608500986651,8457.192353998835,516.6673780040583,2.439916323146497e-12
10,53,1854.9075890041422,80.242909003573,7436.192681991088,690.9688589876168,8208.263905005879,513.8408279890427,2.3852553949877516e-12
10,54,1859.679947992845,82.53554698603693,7358.187476012972,691.5428559950669,8146.379916994192,503.1340029963758,2.3710748480954585e-12
10,55,1868.5287150001386,84.3350420036586,7397.08573599637,704.3480969950906,8108.21641801158,498.9975439966656,2.4452951949823173e-12
10,56,1880.9299060230842,83.40851500543067,7418.5657639973215,690.8787580032367,8079.366440993908,502.7571370010264,2.3975828912340238e-12
10,57,1885.4142589843832,77.57252000737935,7432.372906012461,696.7037910144427,8178.419307005242,508.23954102088464,2.376595612977656e-12
10,58,1858.9191550054238,79.4093590011471,7397.626562000369,696.5688019990921,8132.574017006846,498.55256500450196,2.419228524730743e-12
10,59,1891.8641140044201,81.61059000121895,7374.702439010434,691.1322910018498,8067.149280002923,509.6088450081879,2.4247201550339626e-12
10,60,1846.077726004296,80.83065099344822,7467.602114003967,697.6455479962169,8076.2685050067375,505.82438899436966,2.4126497914066207e-12
10,61,1850.0827429961646,78.84360799653223,7334.3012040131725,690.1174650120083,8185.21178701485,498.9287240023259,2.420892575636425e-12
10,62,1878.8152660054038,79.456596984528,7447.606564994203,734.576607006602,8376.459598002839,516.4948039891897,2.526864614421054e-12
10,63,1860.294931990211,80.57541198650142,7452.40460500645,695.1217189853196,8096.911230997648,504.34569400385953,2.4779810756946986e-12
10,64,1881.9442529929802,80.58197700302117,7466.335156997957,695.7626750081545,8178.862821987423,493.3065620061825,2.4773132293111118e-12
10,65,1929.6063899892033,82.05484000063734,7633.498844988935,684.1674250026699,8442.3904389987,508.23843800026225,2.444995577346417e-12
10,66,1848.143280010845,79.67039598588599,7400.421981008549,700.9416940127267,8045.518638005888,506.1849589837948,2.6022408716017136e-12
10,67,1880.44937801169,79.72168499691179,7416.375297012564,697.7491610086872,8207.729798989021,505.64576899341773,2.3770612178518625e-12
10,68,1850.8956860241597,79.15367201349,7335.855884004559,694.6872009793879,8129.425788996741,502.5803860044107,2.491547051298511e-12
10,69,1851.9995030146674,81.51514900237089,7396.053746015241,688.9229840016924,8049.789586002589,501.60607500583865,2.3433262412018462e-12
10,70,1877.8277799865464,79.44677600607974,7431.193116979557,696.372659993358,8164.689511009783,506.1139500030549,2.4388370763786444e-12
10,71,1859.636433997366,79.95273201231612,7409.950213004777,697.5520489941118,8077.62548399478,529.6345349997864,2.5227367963896983e-12
10,72,1864.64706400875,79.65596699796151,7352.401346004626,698.103874012304,8137.343501992291,500.8315550076077,2.4424817064812e-12
10,73,1862.619220992201,79.34420299716294,7359.455846992205,702.8485350019764,8131.386539011146,500.6625829919358,2.492158990873739e-12
10,74,1871.7060100025265,79.09633898816537,7370.184052007971,716.7611490003765,8110.310267002205,502.63696299953153,2.519045685618863e-12
10,75,1850.8274459891254,82.48093299334869,7383.638444000098,695.9381090055103,8153.152050013887,506.7183659848524,2.466449948585555e-12
10,76,1848.3533920007176,79.20457800355507,7382.181511995441,689.9452849902445,8100.942418008344,495.74547600059304,2.4321357188936054e-12
10,77,1869.9861860004603,80.94499899743823,7343.346397006826,697.2836780041689,8095.77312899637,517.9048549980507,2.547330415244795e-12
10,78,1840.862018012558,77.78894400689751,7351.4251399974455,708.6947479983792,8296.258538990514,514.0816449929844,2.4363620249556468e-12
10,79,1856.7257179965964,78.62481201300398,7345.427972009929,691.0510180023266,8170.781331995386,505.7849140066537,2.446478200513216e-12
10,80,1835.0616810130305,76.94703701417893,7418.813169999339,698.3634790085489,8089.950137997221,495.0409499942907,2.4613931995916395e-12
10,81,1848.872011010826,79.07221399364062,7375.381020996429,698.363176001294,8281.46780001407,511.7046369923628,2.457160247494126e-12
10,82,1882.3833810092765,80.62147100281436,7341.238190987497,695.4789120063651,8158.48010701302,496.03646598552587,2.5595327596505014e-12
10,83,1840.7174620006117,77.73483998607844,7397.427041985793,701.8835330018192,8115.620165008295,502.945753003587,2.479505467173783e-12
10,84,1859.2785430009826,77.73012800316792,7378.829289984424,698.8934030014207,8061.607199997525,512.9540720081422,2.502825031773721e-12
10,85,1859.868590006954,78.94306600064738,7325.496313998883,688.9888599980623,8198.463148008159,507.94172199675813,2.363573978228886e-12
10,86,1854.7878579920507,77.97487799689407,7430.375131989422,696.1499929966521,8156.479974000831,513.7442009945516,2.454230292254902e-12
10,87,1860.2019279715023,82.77184800681425,7421.287590994325,705.8166429997073,8163.699359007296,505.30531899858033,2.6600030876522547e-12
10,88,1860.3545570076676,77.99458500085166,7355.118743987987,703.6615770120989,8181.524853993324,506.6414280081517,2.3676419276055665e-12
10,89,1859.3481470015831,81.45958200475434,7452.923318007379,694.7053260009852,8183.310034000897,496.37863499083323,2.5027629032562524e-12
10,90,1888.8293469863129,82.19611700042151,7446.765400993172,701.0803390003275,8094.209221999336,512.6154379904619,2.4910045700007005e-12
10,91,1870.9618309949292,80.71306699275738,7400.022406996868,718.0726449878421,8197.817674001271,506.1134499992477,2.430050532906887e-12
10,92,1855.3437699956703,78.54059898090782,7384.646929014707,696.7435460028355,8057.94833300024,507.2400520002702,2.4820335590388454e-12
10,93,1855.2198949837475,79.63847402425017,7429.285994992824,690.6248250015778,8131.0105309894425,500.18467100017006,2.3642578517414877e-12
10,94,1855.8833499992033,78.74636101769283,7303.884368004219,698.2525200000964,8260.002640017774,498.59756898513297,2.411876253601446e-12
10,95,1841.3359929982107,82.35645300737815,7395.636943001591,692.3729630070738,8093.633321012021,500.5798050115118,2.5726287432808085e-12
10,96,1886.1442430061288,80.89371200185269,7414.435125996533,693.2665500135045,8058.4567280020565,499.2865770109347,2.530875579488087e-12
10,97,1868.8385769783054,78.94941898848629,7353.265757992631,695.8593879971886,8191.822727014369,503.1469890018343,2.449953694182145e-12
10,98,1850.9478470004979,80.73598999180831,7409.232942991366,696.9386779892375,8094.01272701507,510.31210999644827,2.3641904460438166e-12
10,99,1848.6275660106912,78.45325098605826,7442.835835994629,705.168885004241,8094.087167010002,505.90115498926025,2.454994090468202e-12
